floorNumber,mean_dominant_share,mean_transition_entropy,mean_next_rooms,n_branching_rooms
0,0.6166407019153728,1.1313086610868412,2.9411764705882355,13
1,0.8037141137672373,0.6832094156384523,2.227272727272727,19
2,1,0,1,0
